{
	"code": 0,
	"msg": "success",
	"count": 2,
	"data": [{
			"orderId": "1",
			"userId": "2020001",
			"consigneeName": "张三",
			"address": "湖南工大",
			"zip": "123456",
			"phoneNumber": "13468795462",
			"status": true,
			"createTime": "2020-06-03 03:29:07",
			"orderItems": [{
					"orderItemId": "1",
					"orderId": "1",
					"bookId": "1",
					"price": "28.60",
					"quantity": "10",
					"book_info": {
						"bookId": "1",
						"categoryCode": "novel",
						"bookName": "巴黎圣母院",
						"isbn": "9787560575667",
						"author": "[法]雨果 著 李玉民 译",
						"press": "西安交通大学出版社",
						"pubDate": "1/8/2015",
						"image": "24170734-1_l_4.jpg",
						"description": "北大西语系翻译家李玉民全译本，“世界十大名著”“世界十大爱情故事”之一，读过后，更懂爱",
						"price": "37.80",
						"stock": "100",
						"createTime": "1/6/2020 20:12:00"
					}
				},
				{
					"orderItemId": "2",
					"orderId": "1",
					"bookId": "2",
					"price": "23.40",
					"quantity": "5",
					"book_info": {
						"bookId": "2",
						"categoryCode": "novel",
						"bookName": "失乐园",
						"isbn": "9787555257035",
						"author": "渡边淳一[著]  林少华[译]",
						"press": "青岛出版社",
						"pubDate": "1/11/2017",
						"image": "25182491-1_l_6.jpg",
						"description": "渡边淳一代表作，长期雄踞日本畅销书排行榜榜首，由黑木瞳、役所广司主演的电影引发“失乐园”热。此次的全新林少华译本，将带你体味不一样的渡边淳一，不一样的失乐园。",
						"price": "45.00",
						"stock": "100",
						"createTime": "1/6/2020 20:12:00"
					}
				}
			]
		},
		{
			"orderId": "2",
			"userId": "2020001",
			"consigneeName": "张三",
			"address": "湖南株洲",
			"zip": "125463",
			"phoneNumber": "13468795462",
			"status": false,
			"createTime": "2020-06-03 03:31:04",
			"orderItems": [{
				"orderItemId": "3",
				"orderId": "2",
				"bookId": "3",
				"price": "12.50",
				"quantity": "1",
				"book_info": {
					"bookId": "3",
					"categoryCode": "novel",
					"bookName": "假面之夜+假面饭店+假面前夜",
					"isbn": "25286485",
					"author": "东野圭吾",
					"press": "南海出版公司",
					"pubDate": "1/6/2018",
					"image": "25286485-1_l_2.jpg",
					"description": "新系列新CP。富丽堂皇的五星级大酒店，各怀心事的客人。平静的表面下暗流汹涌。杀人凶手即将在此现身。新田尚美联手揭开假面。",
					"price": "115.90",
					"stock": "100",
					"createTime": "1/6/2020 20:12:00"
				}
			}]
		}
	]
}
