<?xml version="1.0" encoding="UTF-8"?>
<!DOCTYPE mapper PUBLIC "-//mybatis.org//DTD Mapper 3.0//EN" "http://mybatis.org/dtd/mybatis-3-mapper.dtd">
<mapper namespace="com.shop.bookshop.dao.BookMapper">
  <resultMap id="BaseResultMap" type="com.shop.bookshop.pojo.Book">
    <id column="book_id" jdbcType="INTEGER" property="bookId" />
    <result column="category_code" jdbcType="VARCHAR" property="categoryCode" />
    <result column="book_name" jdbcType="VARCHAR" property="bookName" />
    <result column="isbn" jdbcType="VARCHAR" property="isbn" />
    <result column="author" jdbcType="VARCHAR" property="author" />
    <result column="press" jdbcType="VARCHAR" property="press" />
    <result column="pub_date" jdbcType="DATE" property="pubDate" />
    <result column="image" jdbcType="VARCHAR" property="image" />
    <result column="description" jdbcType="VARCHAR" property="description" />
    <result column="price" jdbcType="DECIMAL" property="price" />
    <result column="stock" jdbcType="INTEGER" property="stock" />
    <result column="create_time" jdbcType="TIMESTAMP" property="createTime" />
    <association property="category" column="category_code" javaType="com.shop.bookshop.pojo.Category"
    select="com.shop.bookshop.dao.CategoryMapper.selectByByCategoryCode" />
  </resultMap>
  <sql id="Base_Column_List">
    book_id, category_code, book_name, isbn, author, press, pub_date, image, description, 
    price, stock, create_time
  </sql>
  <select id="selectByBookId" parameterType="java.lang.Integer" resultMap="BaseResultMap">
    select 
    <include refid="Base_Column_List" />
    from book
    where book_id = #{bookId,jdbcType=INTEGER}
  </select>
  <delete id="deleteByBookId" parameterType="java.lang.Integer">
    delete from book
    where book_id = #{bookId,jdbcType=INTEGER}
  </delete>
  <insert id="insert" parameterType="com.shop.bookshop.pojo.Book">
    insert into book
    <trim prefix="(" suffix=")" suffixOverrides=",">
      <if test="categoryCode != null">
        category_code,
      </if>
      <if test="bookName != null">
        book_name,
      </if>
      <if test="isbn != null">
        isbn,
      </if>
      <if test="author != null">
        author,
      </if>
      <if test="press != null">
        press,
      </if>
      <if test="pubDate != null">
        pub_date,
      </if>
      <if test="image != null">
        image,
      </if>
      <if test="description != null">
        description,
      </if>
      <if test="price != null">
        price,
      </if>
      <if test="stock != null">
        stock,
      </if>
      <if test="createTime != null">
        create_time,
      </if>
    </trim>
    <trim prefix="values (" suffix=")" suffixOverrides=",">
      <if test="categoryCode != null">
        #{categoryCode,jdbcType=VARCHAR},
      </if>
      <if test="bookName != null">
        #{bookName,jdbcType=VARCHAR},
      </if>
      <if test="isbn != null">
        #{isbn,jdbcType=VARCHAR},
      </if>
      <if test="author != null">
        #{author,jdbcType=VARCHAR},
      </if>
      <if test="press != null">
        #{press,jdbcType=VARCHAR},
      </if>
      <if test="pubDate != null">
        #{pubDate,jdbcType=DATE},
      </if>
      <if test="image != null">
        #{image,jdbcType=VARCHAR},
      </if>
      <if test="description != null">
        #{description,jdbcType=VARCHAR},
      </if>
      <if test="price != null">
        #{price,jdbcType=DECIMAL},
      </if>
      <if test="stock != null">
        #{stock,jdbcType=INTEGER},
      </if>
      <if test="createTime != null">
        #{createTime,jdbcType=TIMESTAMP},
      </if>
    </trim>
  </insert>
  <update id="updateByBookId" parameterType="com.shop.bookshop.pojo.Book">
    update book
    <set>
      <if test="categoryCode != null">
        category_code = #{categoryCode,jdbcType=VARCHAR},
      </if>
      <if test="bookName != null">
        book_name = #{bookName,jdbcType=VARCHAR},
      </if>
      <if test="isbn != null">
        isbn = #{isbn,jdbcType=VARCHAR},
      </if>
      <if test="author != null">
        author = #{author,jdbcType=VARCHAR},
      </if>
      <if test="press != null">
        press = #{press,jdbcType=VARCHAR},
      </if>
      <if test="pubDate != null">
        pub_date = #{pubDate,jdbcType=DATE},
      </if>
      <if test="image != null">
        image = #{image,jdbcType=VARCHAR},
      </if>
      <if test="description != null">
        description = #{description,jdbcType=VARCHAR},
      </if>
      <if test="price != null">
        price = #{price,jdbcType=DECIMAL},
      </if>
      <if test="stock != null">
        stock = #{stock,jdbcType=INTEGER},
      </if>
    </set>
    where book_id = #{bookId,jdbcType=INTEGER}
  </update>
  <select id="selectAllByCategoryCode" parameterType="java.lang.String" resultMap="BaseResultMap">
    select
    <include refid="Base_Column_List" />
    from book
    <if test="categoryCode !=null ">
      where category_code = #{categoryCode,jdbcType=VARCHAR}
    </if>
  </select>
  <select id="selectByBooks" parameterType="com.shop.bookshop.pojo.Book" resultMap="BaseResultMap">
    select
    <include refid="Base_Column_List" />
    from book
    <where>
      <if test="bookId !=null ">
        book_id = #{bookId,jdbcType=INTEGER}
      </if>
      <if test="bookName != null">
      and  book_name = #{bookName,jdbcType=VARCHAR}
      </if>
      <if test="isbn != null">
      and  isbn = #{isbn,jdbcType=VARCHAR}
      </if>
    </where>
  </select>
</mapper>