<?xml version="1.0" encoding="UTF-8"?>
<!DOCTYPE mapper PUBLIC "-//mybatis.org//DTD Mapper 3.0//EN" "http://mybatis.org/dtd/mybatis-3-mapper.dtd">
<mapper namespace="com.shop.bookshop.dao.ShoppingCartMapper">
  <resultMap id="BaseResultMap" type="com.shop.bookshop.pojo.ShoppingCart">
    <id column="cart_id" jdbcType="INTEGER" property="cartId" />
    <result column="user_id" jdbcType="INTEGER" property="userId" />
    <result column="book_id" jdbcType="INTEGER" property="bookId" />
    <result column="price" jdbcType="DECIMAL" property="price" />
    <result column="quantity" jdbcType="INTEGER" property="quantity" />
    <association property="book_info" javaType="com.shop.bookshop.pojo.Book" column="book_id"
                 select="com.shop.bookshop.dao.BookMapper.selectByBookId"/>
  </resultMap>
  <sql id="Base_Column_List">
    cart_id, user_id, book_id, price, quantity
  </sql>
  <select id="selectByCartId" parameterType="java.lang.Integer" resultMap="BaseResultMap">
    select 
    <include refid="Base_Column_List" />
    from shopping_cart
    where cart_id = #{cartId,jdbcType=INTEGER}
  </select>
  <select id="selectByUserIdAndBookId" parameterType="java.lang.Integer" resultMap="BaseResultMap">
    select
    <include refid="Base_Column_List" />
    from shopping_cart
    where user_id = #{userId,jdbcType=INTEGER} and book_id = #{bookId,jdbcType=INTEGER}
  </select>
  <select id="selectByUserId" parameterType="java.lang.Integer" resultMap="BaseResultMap">
    select
    <include refid="Base_Column_List" />
    from shopping_cart
    where user_id = #{userId,jdbcType=INTEGER}
  </select>
  <delete id="deleteByCartId" parameterType="java.lang.Integer">
    delete from shopping_cart
    where cart_id = #{cartId,jdbcType=INTEGER}
  </delete>

  <delete id="deleteByUserIdAndBookId" parameterType="java.lang.Integer">
    delete from shopping_cart
    where user_id = #{userId,jdbcType=INTEGER} and book_id = #{bookId,jdbcType=INTEGER}
  </delete>
  <insert id="insert" parameterType="com.shop.bookshop.pojo.ShoppingCart">
    insert into shopping_cart (user_id, book_id,
      price, quantity)
    values ( #{userId,jdbcType=INTEGER}, #{bookId,jdbcType=INTEGER},
      #{price,jdbcType=DECIMAL}, #{quantity,jdbcType=INTEGER})
  </insert>
  <update id="updateByByCartId" parameterType="com.shop.bookshop.pojo.ShoppingCart">
    update shopping_cart
    <set>
      <if test="price != null">
        price = #{price,jdbcType=DECIMAL},
      </if>
      <if test="quantity != null">
        quantity = #{quantity,jdbcType=INTEGER},
      </if>
    </set>
    where cart_id = #{cartId,jdbcType=INTEGER}
  </update>
  <update id="updateByUserIdAndBookId" parameterType="com.shop.bookshop.pojo.ShoppingCart">
    update shopping_cart
    <set>
      <if test="price != null">
        price = #{price,jdbcType=DECIMAL},
      </if>
      <if test="quantity != null">
        quantity = #{quantity,jdbcType=INTEGER},
      </if>
    </set>
    where user_id = #{userId,jdbcType=INTEGER} and book_id = #{bookId,jdbcType=INTEGER}
  </update>


</mapper>