<?xml version="1.0" encoding="UTF-8"?>
<!DOCTYPE mapper PUBLIC "-//mybatis.org//DTD Mapper 3.0//EN" "http://mybatis.org/dtd/mybatis-3-mapper.dtd">
<mapper namespace="com.shop.bookshop.dao.UserMapper">
  <resultMap id="BaseResultMap" type="com.shop.bookshop.pojo.User">
    <id column="user_id" jdbcType="INTEGER" property="userId" />
    <result column="user_name" jdbcType="VARCHAR" property="userName" />
    <result column="password" jdbcType="VARCHAR" property="password" />
    <result column="email" jdbcType="VARCHAR" property="email" />
    <result column="avatar" jdbcType="VARCHAR" property="avatar" />
    <result column="join_time" jdbcType="TIMESTAMP" property="joinTime" />
  </resultMap>
  <sql id="Base_Column_List">
    user_id, user_name, password, email, avatar, join_time
  </sql>
  <select id="selectByUserId" parameterType="java.lang.Integer" resultMap="BaseResultMap">
    select 
    <include refid="Base_Column_List" />
    from user_info
    where user_id = #{userId,jdbcType=INTEGER}
  </select>
  <delete id="deleteByUserId" parameterType="java.lang.Integer">
    delete from user_info
    where user_id = #{userId,jdbcType=INTEGER}
  </delete>
  <insert id="insert" parameterType="com.shop.bookshop.pojo.User">
    insert into user_info
    <trim prefix="(" suffix=")" suffixOverrides=",">
      <if test="userName != null">
        user_name,
      </if>
      <if test="password != null">
        password,
      </if>
      <if test="email != null">
        email,
      </if>
      <if test="avatar != null">
        avatar,
      </if>
    </trim>
    <trim prefix="values (" suffix=")" suffixOverrides=",">
      <if test="userName != null">
        #{userName,jdbcType=VARCHAR},
      </if>
      <if test="password != null">
        #{password,jdbcType=VARCHAR},
      </if>
      <if test="email != null">
        #{email,jdbcType=VARCHAR},
      </if>
      <if test="avatar != null">
        #{avatar,jdbcType=VARCHAR},
      </if>
    </trim>
  </insert>
  <update id="updateByUserId" parameterType="com.shop.bookshop.pojo.User">
    update user_info
    <set>
      <if test="userName != null">
        user_name = #{userName,jdbcType=VARCHAR},
      </if>
      <if test="password != null">
        password = #{password,jdbcType=VARCHAR},
      </if>
      <if test="email != null">
        email = #{email,jdbcType=VARCHAR},
      </if>
      <if test="avatar != null">
        avatar = #{avatar,jdbcType=VARCHAR},
      </if>
    </set>
    where user_id = #{userId,jdbcType=INTEGER}
  </update>
  <select id="selectAll" resultMap="BaseResultMap">
    select
    <include refid="Base_Column_List"/>
    from user_info
  </select>
  <select id="selectByUserName" parameterType="java.lang.String" resultMap="BaseResultMap">
    select
    <include refid="Base_Column_List"/>
    from user_info
    where user_name=#{userName,jdbcType=VARCHAR}
  </select>

  <select id="searchUsers" resultMap="BaseResultMap" parameterType="com.shop.bookshop.pojo.User">
    select
    <include refid="Base_Column_List" />
    from user_info
    <where>
      <if test="userName != null">
        user_name = #{userName,jdbcType=VARCHAR}
      </if>
      <if test="email != null">
      and  email = #{email,jdbcType=VARCHAR}
      </if>
    </where>
  </select>
</mapper>